-- Create dummy user profiles for testing
INSERT INTO auth.users (
  id,
  instance_id,
  aud,
  role,
  email,
  encrypted_password,
  email_confirmed_at,
  recovery_sent_at,
  last_sign_in_at,
  raw_app_meta_data,
  raw_user_meta_data,
  created_at,
  updated_at,
  confirmation_token,
  email_change,
  email_change_token_new,
  recovery_token
) VALUES 
  (
    '550e8400-e29b-41d4-a716-446655440001',
    '00000000-0000-0000-0000-000000000000',
    'authenticated',
    'authenticated',
    'alice@example.com',
    crypt('password123', gen_salt('bf')),
    now(),
    null,
    now(),
    '{"provider":"email","providers":["email"]}',
    '{"full_name":"Alice Johnson"}',
    now(),
    now(),
    '',
    '',
    '',
    ''
  ),
  (
    '550e8400-e29b-41d4-a716-446655440002',
    '00000000-0000-0000-0000-000000000000',
    'authenticated',
    'authenticated',
    'bob@example.com',
    crypt('password123', gen_salt('bf')),
    now(),
    null,
    now(),
    '{"provider":"email","providers":["email"]}',
    '{"full_name":"Bob Smith"}',
    now(),
    now(),
    '',
    '',
    '',
    ''
  ),
  (
    '550e8400-e29b-41d4-a716-446655440003',
    '00000000-0000-0000-0000-000000000000',
    'authenticated',
    'authenticated',
    'carol@example.com',
    crypt('password123', gen_salt('bf')),
    now(),
    null,
    now(),
    '{"provider":"email","providers":["email"]}',
    '{"full_name":"Carol Davis"}',
    now(),
    now(),
    '',
    '',
    '',
    ''
  );

-- Create profiles for the dummy users
INSERT INTO public.profiles (id, display_name, bio) VALUES
  ('550e8400-e29b-41d4-a716-446655440001', 'Alice Johnson', 'Tech enthusiast and startup founder'),
  ('550e8400-e29b-41d4-a716-446655440002', 'Bob Smith', 'Real estate investor and luxury goods collector'),
  ('550e8400-e29b-41d4-a716-446655440003', 'Carol Davis', 'Art dealer and vintage car enthusiast');

-- Create dummy listings with correct enum values
INSERT INTO public.listings (
  id,
  user_id,
  item_title,
  item_description,
  price_min,
  price_max,
  reward_percentage,
  max_degrees,
  general_location,
  seller_rating,
  verification_level,
  status
) VALUES
  (
    gen_random_uuid(),
    '550e8400-e29b-41d4-a716-446655440001',
    '2019 MacBook Pro 16" - Like New',
    'Barely used MacBook Pro 16" with M1 Max chip, 32GB RAM, 1TB SSD. Perfect for developers and creators. Includes original box, charger, and AppleCare+ until 2025.',
    2800.00,
    3200.00,
    22.00,
    6,
    'Austin, TX',
    4.9,
    'professor_verified',
    'active'
  ),
  (
    gen_random_uuid(),
    '550e8400-e29b-41d4-a716-446655440001',
    'Tesla Model 3 Performance 2022',
    'Low mileage Tesla Model 3 Performance in pristine condition. Full self-driving capability, premium connectivity, and all maintenance records included.',
    52000.00,
    55000.00,
    18.00,
    6,
    'Dallas, TX',
    4.8,
    'professor_verified',
    'active'
  ),
  (
    gen_random_uuid(),
    '550e8400-e29b-41d4-a716-446655440002',
    'Rolex Submariner Date - Unworn',
    'Brand new, unworn Rolex Submariner Date 126610LN. Black dial, ceramic bezel. Complete set with box, papers, and warranty card dated 2024.',
    13500.00,
    14500.00,
    25.00,
    4,
    'Houston, TX',
    5.0,
    'deans_list',
    'active'
  ),
  (
    gen_random_uuid(),
    '550e8400-e29b-41d4-a716-446655440002',
    'Downtown Austin Condo - Investment Opportunity',
    'Modern 2BR/2BA condo in prime downtown Austin location. High-rise building with amenities, walking distance to everything. Great rental potential.',
    485000.00,
    520000.00,
    15.00,
    6,
    'Austin, TX',
    4.7,
    'professor_verified',
    'active'
  ),
  (
    gen_random_uuid(),
    '550e8400-e29b-41d4-a716-446655440003',
    'Vintage Porsche 911 Turbo (1987)',
    'Pristine 1987 Porsche 911 Turbo in Guards Red. Numbers matching, fully documented service history. Only 42K original miles. A true collector piece.',
    125000.00,
    135000.00,
    20.00,
    5,
    'San Antonio, TX',
    4.9,
    'professor_verified',
    'active'
  ),
  (
    gen_random_uuid(),
    '550e8400-e29b-41d4-a716-446655440003',
    'Original Banksy Print - "Girl with Balloon"',
    'Authenticated original Banksy print from 2006. Professionally framed and stored in climate-controlled environment. Certificate of authenticity included.',
    85000.00,
    95000.00,
    30.00,
    4,
    'Dallas, TX',
    5.0,
    'deans_list',
    'active'
  ),
  (
    gen_random_uuid(),
    '550e8400-e29b-41d4-a716-446655440001',
    'SaaS Startup - Profitable & Growing',
    'Established SaaS business with $50K MRR and growing 15% month-over-month. Automated operations, strong customer base, and proven business model.',
    750000.00,
    850000.00,
    12.00,
    6,
    'Austin, TX',
    4.6,
    'professor_verified',
    'active'
  ),
  (
    gen_random_uuid(),
    '550e8400-e29b-41d4-a716-446655440002',
    'Hermès Birkin 30 - Togo Leather',
    'Authentic Hermès Birkin 30 in Etoupe Togo leather with palladium hardware. Excellent condition, includes dust bag, box, and authenticity card.',
    18000.00,
    22000.00,
    28.00,
    4,
    'Houston, TX',
    5.0,
    'honor_roll',
    'active'
  ),
  (
    gen_random_uuid(),
    '550e8400-e29b-41d4-a716-446655440003',
    'Comic Collection - Marvel Silver Age',
    'Rare collection of Marvel Silver Age comics including Amazing Spider-Man #1, X-Men #1, and Fantastic Four #1. All professionally graded and stored.',
    45000.00,
    55000.00,
    35.00,
    5,
    'Dallas, TX',
    4.8,
    'professor_verified',
    'active'
  ),
  (
    gen_random_uuid(),
    '550e8400-e29b-41d4-a716-446655440001',
    'High-End Gaming Setup - Complete',
    'Ultimate gaming setup with RTX 4090, i9-13900K, 64GB RAM, triple 4K monitors, and custom water cooling. Perfect for streaming or competitive gaming.',
    8500.00,
    9500.00,
    24.00,
    6,
    'Austin, TX',
    4.7,
    'professor_verified',
    'active'
  );